PhotoID,Photo Name,Photo Size,Photo,MovieID,SeasonID,TVShowID,TrailerID,ArtistID
1,Life as We Know It,1,,1,,,,
2,Pretty Woman,2,,2,,,,
3,The Lucky One,3,,3,,,,
4,Safe Haven,4,,4,,,,
5,A Walk to Remember,5,,5,,,,
6,The Best of Me,6,,6,,,,
7,Music & Lyrics,7,,7,,,,
8,The Ugly Truth,8,,8,,,,
9,Knocked Up,9,,9,,,,
10,50 First Dates,10,,10,,,,
11,Going the Distance,11,,11,,,,
12,Notting Hill,12,,12,,,,
13,How to lose a guy in 10 days,13,,13,,,,
14,Bridget Jones Diary,14,,14,,,,
15,Silver Linings Playbook,15,,15,,,,
16,Just go with it,16,,16,,,,
17,Fault in our Stars,17,,17,,,,
18,Two Night Stand,18,,18,,,,
19,The Vampire Diaries,19,,,1,,,
20,Jane the Virgin,20,,,2,,,
21,How I Met your Mother,21,,,3,,,
22,FRIENDS,22,,,4,,,
23,The Originals,23,,,5,,,
24,Breaking Bad,24,,,6,,,
25,I Dream of Jeannie,25,,,7,,,
26,Bewitched,26,,,8,,,
27,Small Wonder,27,,,9,,,
28,Silver Spoons,28,,,10,,,
29,The Vampire Diaries,29,,,,1,,
30,Jane the Virgin,30,,,,2,,
31,How I Met your Mother,31,,,,3,,
32,FRIENDS,32,,,,4,,
33,The Originals,33,,,,5,,
34,Breaking Bad,34,,,,6,,
35,I Dream of Jeannie,35,,,,7,,
36,Bewitched,36,,,,8,,
37,Small Wonder,37,,,,9,,
38,Silver Spoons,38,,,,10,,
39,Paula Maxine Patton,39,,,,,,1
40,Amy Louise Acker,40,,,,,,2
41,Keri Lynn Hilson,41,,,,,,3
42,Paula Maxine Patton,42,,,,,,4
43,Amy Louise Acker,43,,,,,,5
44,Keri Lynn Hilson,44,,,,,,6
45,Paula Maxine Patton,45,,,,,,7
46,Amy Louise Acker,46,,,,,,8
47,Keri Lynn Hilson,47,,,,,,9
48,Paula Maxine Patton,48,,,,,,10
49,Amy Louise Acker,49,,,,,7,
50,Keri Lynn Hilson,50,,,,,8,
51,Paula Maxine Patton,51,,,,,9,
52,Amy Louise Acker,52,,,,,10,
53,Keri Lynn Hilson,53,,,,,11,
54,Paula Maxine Patton,54,,,,,12,
55,Amy Louise Acker,55,,,,,13,
56,Keri Lynn Hilson,56,,,,,14,
57,Paula Maxine Patton,57,,,,,15,
58,Amy Louise Acker,58,,,,,16,
59,Keri Lynn Hilson,59,,,,,17,
60,Francisco Muniz IV,60,,,,,18,
